<?xml version="1.0" encoding="UTF-8"?>
<metadata xml:lang="en"><Esri><CreaDate>20211013</CreaDate><CreaTime>23312000</CreaTime><SyncOnce>FALSE</SyncOnce><DataProperties><itemProps><itemName Sync="TRUE">ADMIN_JAWABARAT_FIX</itemName><imsContentType Sync="TRUE">002</imsContentType><itemLocation><linkage Sync="TRUE">file://\\LIARACH\D$\MAGISTER\2. SEMESTER 2\URBAN ANALYTICS\HACKATON #4\DATA HACKATON 4\ADMIN_JAWABARAT_FIX.shp</linkage><protocol Sync="TRUE">Local Area Network</protocol></itemLocation><itemSize Sync="TRUE">0.000</itemSize></itemProps><coordRef><type Sync="TRUE">Geographic</type><geogcsn Sync="TRUE">GCS_WGS_1984</geogcsn><csUnits Sync="TRUE">Angular Unit: Degree (0.017453)</csUnits><peXml Sync="TRUE">&lt;GeographicCoordinateSystem xsi:type='typens:GeographicCoordinateSystem' xmlns:xsi='http://www.w3.org/2001/XMLSchema-instance' xmlns:xs='http://www.w3.org/2001/XMLSchema' xmlns:typens='http://www.esri.com/schemas/ArcGIS/10.7'&gt;&lt;WKT&gt;GEOGCS[&amp;quot;GCS_WGS_1984&amp;quot;,DATUM[&amp;quot;D_WGS_1984&amp;quot;,SPHEROID[&amp;quot;WGS_1984&amp;quot;,6378137.0,298.257223563]],PRIMEM[&amp;quot;Greenwich&amp;quot;,0.0],UNIT[&amp;quot;Degree&amp;quot;,0.0174532925199433],AUTHORITY[&amp;quot;EPSG&amp;quot;,4326]]&lt;/WKT&gt;&lt;XOrigin&gt;-400&lt;/XOrigin&gt;&lt;YOrigin&gt;-400&lt;/YOrigin&gt;&lt;XYScale&gt;11258999068426.238&lt;/XYScale&gt;&lt;ZOrigin&gt;-100000&lt;/ZOrigin&gt;&lt;ZScale&gt;10000&lt;/ZScale&gt;&lt;MOrigin&gt;-100000&lt;/MOrigin&gt;&lt;MScale&gt;10000&lt;/MScale&gt;&lt;XYTolerance&gt;8.983152841195215e-09&lt;/XYTolerance&gt;&lt;ZTolerance&gt;0.001&lt;/ZTolerance&gt;&lt;MTolerance&gt;0.001&lt;/MTolerance&gt;&lt;HighPrecision&gt;true&lt;/HighPrecision&gt;&lt;LeftLongitude&gt;-180&lt;/LeftLongitude&gt;&lt;WKID&gt;4326&lt;/WKID&gt;&lt;LatestWKID&gt;4326&lt;/LatestWKID&gt;&lt;/GeographicCoordinateSystem&gt;</peXml></coordRef><lineage><Process ToolSource="c:\program files (x86)\arcgis\desktop10.2\ArcToolbox\Toolboxes\Data Management Tools.tbx\CalculateField" Date="20180404" Time="144108">CalculateField "Wilayah Administrasi" REMARK [WADMPR] VB #</Process><Process ToolSource="c:\program files (x86)\arcgis\desktop10.2\ArcToolbox\Toolboxes\Data Management Tools.tbx\CalculateField" Date="20180404" Time="144219">CalculateField "Wilayah Administrasi" NAMOBJ [WADMKK] VB #</Process><Process ToolSource="c:\program files (x86)\arcgis\desktop10.2\ArcToolbox\Toolboxes\Data Management Tools.tbx\CalculateField" Date="20180404" Time="151627">CalculateField "Wilayah Administrasi" NAMOBJ [WADMKK] VB #</Process><Process ToolSource="c:\program files (x86)\arcgis\desktop10.2\ArcToolbox\Toolboxes\Data Management Tools.tbx\CalculateField" Date="20180404" Time="151736">CalculateField "Wilayah Administrasi" NAMOBJ [WADMKK] VB #</Process><Process ToolSource="c:\program files (x86)\arcgis\desktop10.2\ArcToolbox\Toolboxes\Data Management Tools.tbx\CalculateField" Date="20180404" Time="152202">CalculateField "Wilayah Administrasi" NAMOBJ !NAMOBJ!.title() PYTHON_9.3 #</Process><Process ToolSource="c:\program files (x86)\arcgis\desktop10.2\ArcToolbox\Toolboxes\Data Management Tools.tbx\CalculateField" Date="20180404" Time="152221">CalculateField "Wilayah Administrasi" WADMKK !WADMKK!.title() PYTHON_9.3 #</Process><Process ToolSource="c:\program files (x86)\arcgis\desktop10.2\ArcToolbox\Toolboxes\Data Management Tools.tbx\CalculateField" Date="20180404" Time="152232">CalculateField "Wilayah Administrasi" WADMPR !WADMPR!.title() PYTHON_9.3 #</Process><Process ToolSource="c:\program files (x86)\arcgis\desktop10.2\ArcToolbox\Toolboxes\Data Management Tools.tbx\CalculateField" Date="20180405" Time="083656">CalculateField "Wilayah Administrasi" KDPPUM "34" VB #</Process><Process ToolSource="c:\program files (x86)\arcgis\desktop10.2\ArcToolbox\Toolboxes\Data Management Tools.tbx\CalculateField" Date="20180405" Time="090058">CalculateField "Wilayah Administrasi" KDPPUM "32" VB #</Process><Process ToolSource="c:\program files (x86)\arcgis\desktop10.2\ArcToolbox\Toolboxes\Data Management Tools.tbx\CalculateField" Date="20180405" Time="090201">CalculateField "Wilayah Administrasi" KDPPUM "32" VB #</Process><Process ToolSource="c:\program files (x86)\arcgis\desktop10.2\ArcToolbox\Toolboxes\Data Management Tools.tbx\CalculateField" Date="20180405" Time="090225">CalculateField "Wilayah Administrasi" KDPPUM "33" VB #</Process><Process ToolSource="c:\program files (x86)\arcgis\desktop10.2\ArcToolbox\Toolboxes\Data Management Tools.tbx\CalculateField" Date="20180405" Time="090243">CalculateField "Wilayah Administrasi" KDPPUM "35" VB #</Process><Process ToolSource="c:\program files (x86)\arcgis\desktop10.2\ArcToolbox\Toolboxes\Data Management Tools.tbx\CalculateField" Date="20180405" Time="090314">CalculateField "Wilayah Administrasi" KDPPUM "61" VB #</Process><Process ToolSource="c:\program files (x86)\arcgis\desktop10.2\ArcToolbox\Toolboxes\Data Management Tools.tbx\CalculateField" Date="20180405" Time="090335">CalculateField "Wilayah Administrasi" KDPPUM "63" VB #</Process><Process ToolSource="c:\program files (x86)\arcgis\desktop10.2\ArcToolbox\Toolboxes\Data Management Tools.tbx\CalculateField" Date="20180405" Time="090353">CalculateField "Wilayah Administrasi" KDPPUM "62" VB #</Process><Process ToolSource="c:\program files (x86)\arcgis\desktop10.2\ArcToolbox\Toolboxes\Data Management Tools.tbx\CalculateField" Date="20180405" Time="090407">CalculateField "Wilayah Administrasi" KDPPUM "64" VB #</Process><Process ToolSource="c:\program files (x86)\arcgis\desktop10.2\ArcToolbox\Toolboxes\Data Management Tools.tbx\CalculateField" Date="20180405" Time="090423">CalculateField "Wilayah Administrasi" KDPPUM "65" VB #</Process><Process ToolSource="c:\program files (x86)\arcgis\desktop10.2\ArcToolbox\Toolboxes\Data Management Tools.tbx\CalculateField" Date="20180405" Time="090511">CalculateField "Wilayah Administrasi" KDPPUM "81" VB #</Process><Process ToolSource="c:\program files (x86)\arcgis\desktop10.2\ArcToolbox\Toolboxes\Data Management Tools.tbx\CalculateField" Date="20180405" Time="090534">CalculateField "Wilayah Administrasi" KDPPUM "82" VB #</Process><Process ToolSource="c:\program files (x86)\arcgis\desktop10.2\ArcToolbox\Toolboxes\Data Management Tools.tbx\CalculateField" Date="20180405" Time="090612">CalculateField "Wilayah Administrasi" KDPPUM "91" VB #</Process><Process ToolSource="c:\program files (x86)\arcgis\desktop10.2\ArcToolbox\Toolboxes\Data Management Tools.tbx\CalculateField" Date="20180405" Time="090627">CalculateField "Wilayah Administrasi" KDPPUM "92" VB #</Process><Process ToolSource="c:\program files (x86)\arcgis\desktop10.2\ArcToolbox\Toolboxes\Data Management Tools.tbx\CalculateField" Date="20180405" Time="094154">CalculateField "Wilayah Administrasi" FCODE "BA03040060" VB #</Process><Process ToolSource="c:\program files (x86)\arcgis\desktop10.2\ArcToolbox\Toolboxes\Data Management Tools.tbx\CalculateField" Date="20180405" Time="094503">CalculateField "Wilayah Administrasi" KDBPUM [KDEPUM] VB #</Process><Process ToolSource="c:\program files (x86)\arcgis\desktop10.2\ArcToolbox\Toolboxes\Data Management Tools.tbx\CalculateField" Date="20180405" Time="101333">CalculateField "Wilayah Administrasi" KDPPUM "" VB #</Process><Process ToolSource="c:\program files (x86)\arcgis\desktop10.2\ArcToolbox\Toolboxes\Data Management Tools.tbx\CalculateField" Date="20180405" Time="102926">CalculateField "Wilayah Administrasi" REMARK "" VB #</Process><Process ToolSource="c:\program files (x86)\arcgis\desktop10.2\ArcToolbox\Toolboxes\Data Management Tools.tbx\CalculateField" Date="20180405" Time="102940">CalculateField "Wilayah Administrasi" REMARK "" VB #</Process><Process ToolSource="c:\program files (x86)\arcgis\desktop10.2\ArcToolbox\Toolboxes\Data Management Tools.tbx\CalculateField" Date="20180405" Time="103004">CalculateField "Wilayah Administrasi" UUPP "" VB #</Process><Process ToolSource="c:\program files (x86)\arcgis\desktop10.2\ArcToolbox\Toolboxes\Data Management Tools.tbx\CalculateField" Date="20180405" Time="103013">CalculateField "Wilayah Administrasi" KDEBPS "" VB #</Process><Process ToolSource="c:\program files (x86)\arcgis\desktop10.2\ArcToolbox\Toolboxes\Data Management Tools.tbx\CalculateField" Date="20180405" Time="103033">CalculateField "Wilayah Administrasi" KDEPUM "" VB #</Process><Process ToolSource="c:\program files (x86)\arcgis\desktop10.2\ArcToolbox\Toolboxes\Data Management Tools.tbx\CalculateField" Date="20180405" Time="103047">CalculateField "Wilayah Administrasi" KDBPUM "" VB #</Process><Process ToolSource="c:\program files (x86)\arcgis\desktop10.2\ArcToolbox\Toolboxes\Data Management Tools.tbx\CalculateField" Date="20180405" Time="103053">CalculateField "Wilayah Administrasi" WADMKD "" VB #</Process><Process ToolSource="c:\program files (x86)\arcgis\desktop10.2\ArcToolbox\Toolboxes\Data Management Tools.tbx\CalculateField" Date="20180405" Time="103107">CalculateField "Wilayah Administrasi" WADMKD "" VB #</Process><Process ToolSource="c:\program files (x86)\arcgis\desktop10.2\ArcToolbox\Toolboxes\Data Management Tools.tbx\CalculateField" Date="20180405" Time="103134">CalculateField "Wilayah Administrasi" WIADKD "" VB #</Process><Process ToolSource="c:\program files (x86)\arcgis\desktop10.2\ArcToolbox\Toolboxes\Data Management Tools.tbx\CalculateField" Date="20180405" Time="103142">CalculateField "Wilayah Administrasi" WADMKC "" VB #</Process><Process ToolSource="c:\program files (x86)\arcgis\desktop10.2\ArcToolbox\Toolboxes\Data Management Tools.tbx\CalculateField" Date="20180405" Time="103146">CalculateField "Wilayah Administrasi" WIADKC "" VB #</Process><Process ToolSource="c:\program files (x86)\arcgis\desktop10.2\ArcToolbox\Toolboxes\Data Management Tools.tbx\CalculateField" Date="20180405" Time="103226">CalculateField "Wilayah Administrasi" WIADKK "" VB #</Process><Process ToolSource="c:\program files (x86)\arcgis\desktop10.2\ArcToolbox\Toolboxes\Data Management Tools.tbx\CalculateField" Date="20180405" Time="103242">CalculateField "Wilayah Administrasi" WIADPR "" VB #</Process><Process ToolSource="c:\program files (x86)\arcgis\desktop10.2\ArcToolbox\Toolboxes\Data Management Tools.tbx\CalculateField" Date="20180405" Time="103310">CalculateField "Wilayah Administrasi" TIPADM "" VB #</Process><Process ToolSource="c:\program files (x86)\arcgis\desktop10.2\ArcToolbox\Toolboxes\Data Management Tools.tbx\CalculateField" Date="20180405" Time="104705">CalculateField "Wilayah Administrasi" KDCBPS "" VB #</Process><Process ToolSource="c:\program files (x86)\arcgis\desktop10.2\ArcToolbox\Toolboxes\Data Management Tools.tbx\CalculateField" Date="20180405" Time="104710">CalculateField "Wilayah Administrasi" KDCPUM "" VB #</Process><Process ToolSource="c:\program files (x86)\arcgis\desktop10.2\ArcToolbox\Toolboxes\Data Management Tools.tbx\CalculateField" Date="20180405" Time="104715">CalculateField "Wilayah Administrasi" KDBBPS "" VB #</Process><Process ToolSource="c:\program files (x86)\arcgis\desktop10.2\ArcToolbox\Toolboxes\Data Management Tools.tbx\CalculateField" Date="20180405" Time="104753">CalculateField "Wilayah Administrasi" KDPBPS "" VB #</Process><Process ToolSource="c:\program files (x86)\arcgis\desktop10.2\ArcToolbox\Toolboxes\Data Management Tools.tbx\CalculateField" Date="20180405" Time="104804">CalculateField "Wilayah Administrasi" LCODE "" VB #</Process><Process ToolSource="c:\program files (x86)\arcgis\desktop10.2\ArcToolbox\Toolboxes\Data Management Tools.tbx\CalculateField" Date="20180405" Time="104808">CalculateField "Wilayah Administrasi" METADATA "" VB #</Process><Process ToolSource="c:\program files (x86)\arcgis\desktop10.2\ArcToolbox\Toolboxes\Conversion Tools.tbx\FeatureClassToFeatureClass" Date="20180417" Time="141828">FeatureClassToFeatureClass "F:\01_DATA BATAS WILAYAH\DATA BATAS ADMINISTRASI DESEMBER 2017_20180405\Batas_Wilayah_Administrasi_12_2017.gdb\ADMINISTRASI_KABKOTA_AR" F:\PAPUA_16042018\Batas_Wilayah_Administrasi_20180410_v2.gdb\Batas_Wilayah_Papua ADMINISTRASI_KABKOTA_AR # "KDPPUM "Kode PUM Provinsi" true true false 2 Text 0 0 ,First,#,F:\01_DATA BATAS WILAYAH\DATA BATAS ADMINISTRASI DESEMBER 2017_20180405\Batas_Wilayah_Administrasi_12_2017.gdb\ADMINISTRASI_KABKOTA_AR,KDPPUM,-1,-1;NAMOBJ "Nama Objek" true true false 50 Text 0 0 ,First,#,F:\01_DATA BATAS WILAYAH\DATA BATAS ADMINISTRASI DESEMBER 2017_20180405\Batas_Wilayah_Administrasi_12_2017.gdb\ADMINISTRASI_KABKOTA_AR,NAMOBJ,-1,-1;REMARK "Catatan" true true false 250 Text 0 0 ,First,#,F:\01_DATA BATAS WILAYAH\DATA BATAS ADMINISTRASI DESEMBER 2017_20180405\Batas_Wilayah_Administrasi_12_2017.gdb\ADMINISTRASI_KABKOTA_AR,REMARK,-1,-1;KDPBPS "Kode BPS Provinsi" true true false 2 Text 0 0 ,First,#,F:\01_DATA BATAS WILAYAH\DATA BATAS ADMINISTRASI DESEMBER 2017_20180405\Batas_Wilayah_Administrasi_12_2017.gdb\ADMINISTRASI_KABKOTA_AR,KDPBPS,-1,-1;FCODE "Feature Code" true false false 50 Text 0 0 ,First,#,F:\01_DATA BATAS WILAYAH\DATA BATAS ADMINISTRASI DESEMBER 2017_20180405\Batas_Wilayah_Administrasi_12_2017.gdb\ADMINISTRASI_KABKOTA_AR,FCODE,-1,-1;LUASWH "Luas Wilayah Menurut Hukum (Ha)" true true false 8 Double 0 0 ,First,#,F:\01_DATA BATAS WILAYAH\DATA BATAS ADMINISTRASI DESEMBER 2017_20180405\Batas_Wilayah_Administrasi_12_2017.gdb\ADMINISTRASI_KABKOTA_AR,LUASWH,-1,-1;UUPP "Referensi Peraturan" true true false 50 Text 0 0 ,First,#,F:\01_DATA BATAS WILAYAH\DATA BATAS ADMINISTRASI DESEMBER 2017_20180405\Batas_Wilayah_Administrasi_12_2017.gdb\ADMINISTRASI_KABKOTA_AR,UUPP,-1,-1;SRS_ID "Spatial Reference System Identifier" true false false 50 Text 0 0 ,First,#,F:\01_DATA BATAS WILAYAH\DATA BATAS ADMINISTRASI DESEMBER 2017_20180405\Batas_Wilayah_Administrasi_12_2017.gdb\ADMINISTRASI_KABKOTA_AR,SRS_ID,-1,-1;LCODE "Layer Code" true true false 50 Text 0 0 ,First,#,F:\01_DATA BATAS WILAYAH\DATA BATAS ADMINISTRASI DESEMBER 2017_20180405\Batas_Wilayah_Administrasi_12_2017.gdb\ADMINISTRASI_KABKOTA_AR,LCODE,-1,-1;METADATA "Metadata" true true false 50 Text 0 0 ,First,#,F:\01_DATA BATAS WILAYAH\DATA BATAS ADMINISTRASI DESEMBER 2017_20180405\Batas_Wilayah_Administrasi_12_2017.gdb\ADMINISTRASI_KABKOTA_AR,METADATA,-1,-1;KDEBPS "Kode BPS Kelurahan/Desa" true true false 50 Text 0 0 ,First,#,F:\01_DATA BATAS WILAYAH\DATA BATAS ADMINISTRASI DESEMBER 2017_20180405\Batas_Wilayah_Administrasi_12_2017.gdb\ADMINISTRASI_KABKOTA_AR,KDEBPS,-1,-1;KDEPUM "Kode PUM Kelurahan/Desa" true true false 50 Text 0 0 ,First,#,F:\01_DATA BATAS WILAYAH\DATA BATAS ADMINISTRASI DESEMBER 2017_20180405\Batas_Wilayah_Administrasi_12_2017.gdb\ADMINISTRASI_KABKOTA_AR,KDEPUM,-1,-1;KDCBPS "Kode BPS Kecamatan" true true false 50 Text 0 0 ,First,#,F:\01_DATA BATAS WILAYAH\DATA BATAS ADMINISTRASI DESEMBER 2017_20180405\Batas_Wilayah_Administrasi_12_2017.gdb\ADMINISTRASI_KABKOTA_AR,KDCBPS,-1,-1;KDCPUM "Kode PUM Kecamatan" true true false 50 Text 0 0 ,First,#,F:\01_DATA BATAS WILAYAH\DATA BATAS ADMINISTRASI DESEMBER 2017_20180405\Batas_Wilayah_Administrasi_12_2017.gdb\ADMINISTRASI_KABKOTA_AR,KDCPUM,-1,-1;KDBBPS "Kode BPS Kabupaten/Kota" true true false 50 Text 0 0 ,First,#,F:\01_DATA BATAS WILAYAH\DATA BATAS ADMINISTRASI DESEMBER 2017_20180405\Batas_Wilayah_Administrasi_12_2017.gdb\ADMINISTRASI_KABKOTA_AR,KDBBPS,-1,-1;KDBPUM "Kode PUM Kabupaten/Kota" true true false 50 Text 0 0 ,First,#,F:\01_DATA BATAS WILAYAH\DATA BATAS ADMINISTRASI DESEMBER 2017_20180405\Batas_Wilayah_Administrasi_12_2017.gdb\ADMINISTRASI_KABKOTA_AR,KDBPUM,-1,-1;WADMKD "WADMKD" true true false 50 Text 0 0 ,First,#,F:\01_DATA BATAS WILAYAH\DATA BATAS ADMINISTRASI DESEMBER 2017_20180405\Batas_Wilayah_Administrasi_12_2017.gdb\ADMINISTRASI_KABKOTA_AR,WADMKD,-1,-1;WIADKD "WIADKD" true true false 50 Text 0 0 ,First,#,F:\01_DATA BATAS WILAYAH\DATA BATAS ADMINISTRASI DESEMBER 2017_20180405\Batas_Wilayah_Administrasi_12_2017.gdb\ADMINISTRASI_KABKOTA_AR,WIADKD,-1,-1;WADMKC "WADMKC" true true false 50 Text 0 0 ,First,#,F:\01_DATA BATAS WILAYAH\DATA BATAS ADMINISTRASI DESEMBER 2017_20180405\Batas_Wilayah_Administrasi_12_2017.gdb\ADMINISTRASI_KABKOTA_AR,WADMKC,-1,-1;WIADKC "WIADKC" true true false 50 Text 0 0 ,First,#,F:\01_DATA BATAS WILAYAH\DATA BATAS ADMINISTRASI DESEMBER 2017_20180405\Batas_Wilayah_Administrasi_12_2017.gdb\ADMINISTRASI_KABKOTA_AR,WIADKC,-1,-1;WADMKK "WADMKK" true true false 50 Text 0 0 ,First,#,F:\01_DATA BATAS WILAYAH\DATA BATAS ADMINISTRASI DESEMBER 2017_20180405\Batas_Wilayah_Administrasi_12_2017.gdb\ADMINISTRASI_KABKOTA_AR,WADMKK,-1,-1;WIADKK "WIADKK" true true false 50 Text 0 0 ,First,#,F:\01_DATA BATAS WILAYAH\DATA BATAS ADMINISTRASI DESEMBER 2017_20180405\Batas_Wilayah_Administrasi_12_2017.gdb\ADMINISTRASI_KABKOTA_AR,WIADKK,-1,-1;WADMPR "WADMPR" true true false 50 Text 0 0 ,First,#,F:\01_DATA BATAS WILAYAH\DATA BATAS ADMINISTRASI DESEMBER 2017_20180405\Batas_Wilayah_Administrasi_12_2017.gdb\ADMINISTRASI_KABKOTA_AR,WADMPR,-1,-1;WIADPR "WIADPR" true true false 50 Text 0 0 ,First,#,F:\01_DATA BATAS WILAYAH\DATA BATAS ADMINISTRASI DESEMBER 2017_20180405\Batas_Wilayah_Administrasi_12_2017.gdb\ADMINISTRASI_KABKOTA_AR,WIADPR,-1,-1;TIPADM "TIPADM" true true false 4 Long 0 0 ,First,#,F:\01_DATA BATAS WILAYAH\DATA BATAS ADMINISTRASI DESEMBER 2017_20180405\Batas_Wilayah_Administrasi_12_2017.gdb\ADMINISTRASI_KABKOTA_AR,TIPADM,-1,-1;SHAPE_Length "SHAPE_Length" false true true 8 Double 0 0 ,First,#,F:\01_DATA BATAS WILAYAH\DATA BATAS ADMINISTRASI DESEMBER 2017_20180405\Batas_Wilayah_Administrasi_12_2017.gdb\ADMINISTRASI_KABKOTA_AR,SHAPE_Length,-1,-1;SHAPE_Area "SHAPE_Area" false true true 8 Double 0 0 ,First,#,F:\01_DATA BATAS WILAYAH\DATA BATAS ADMINISTRASI DESEMBER 2017_20180405\Batas_Wilayah_Administrasi_12_2017.gdb\ADMINISTRASI_KABKOTA_AR,SHAPE_Area,-1,-1" #</Process><Process ToolSource="c:\program files (x86)\arcgis\desktop10.2\ArcToolbox\Toolboxes\Data Management Tools.tbx\CalculateField" Date="20180417" Time="142518">CalculateField ADMINISTRASI_KABKOTA_AR NAMOBJ [WADMKK] VB #</Process><Process ToolSource="c:\program files (x86)\arcgis\desktop10.2\ArcToolbox\Toolboxes\Data Management Tools.tbx\CalculateField" Date="20180417" Time="142611">CalculateField ADMINISTRASI_KABKOTA_AR KDPPUM 91 VB #</Process><Process ToolSource="c:\program files (x86)\arcgis\desktop10.2\ArcToolbox\Toolboxes\Data Management Tools.tbx\CalculateField" Date="20180417" Time="142628">CalculateField ADMINISTRASI_KABKOTA_AR KDPPUM 92 VB #</Process><Process ToolSource="c:\program files (x86)\arcgis\desktop10.2\ArcToolbox\Toolboxes\Data Management Tools.tbx\CalculateField" Date="20180417" Time="142701">CalculateField ADMINISTRASI_KABKOTA_AR KDPPUM 91 VB #</Process><Process ToolSource="c:\program files (x86)\arcgis\desktop10.2\ArcToolbox\Toolboxes\Data Management Tools.tbx\CalculateField" Date="20180424" Time="102223">CalculateField ADMINISTRASI_KABKOTA_AR NAMOBJ [WADMKK] VB #</Process><Process ToolSource="c:\program files (x86)\arcgis\desktop10.2\ArcToolbox\Toolboxes\Data Management Tools.tbx\CalculateField" Date="20180424" Time="103029">CalculateField ADMINISTRASI_KABKOTA_AR KDPPUM 81 VB #</Process><Process ToolSource="c:\program files (x86)\arcgis\desktop10.2\ArcToolbox\Toolboxes\Data Management Tools.tbx\CalculateField" Date="20180424" Time="103103">CalculateField ADMINISTRASI_KABKOTA_AR KDPPUM 82 VB #</Process><Process ToolSource="c:\program files (x86)\arcgis\desktop10.2\ArcToolbox\Toolboxes\Data Management Tools.tbx\CalculateField" Date="20180424" Time="103113">CalculateField ADMINISTRASI_KABKOTA_AR KDPPUM "--" VB #</Process><Process ToolSource="c:\program files (x86)\arcgis\desktop10.2\ArcToolbox\Toolboxes\Data Management Tools.tbx\CopyFeatures" Date="20180427" Time="111307">CopyFeatures "F:\2018_KSP\03_INTEGRASI MALUKU 20180411\#DATA BATAS WILAYAH-KSP 2018_V2\PENYERAHAN PPRT - 20180403\Batas_Wilayah_Administrasi.gdb\Batas_Wilayah_Maluku\ADMINISTRASI_KABKOTA_AR" "F:\01_DATA BATAS WILAYAH\DATA BATAS ADMINISTRASI DESEMBER 2017_20180418\Batas_Wilayah_Administrasi_12_2017.gdb\ADMINISTRASI_KABKOTA_AR_1" # 0 0 0</Process><Process ToolSource="c:\program files (x86)\arcgis\desktop10.2\ArcToolbox\Toolboxes\Conversion Tools.tbx\FeatureClassToFeatureClass" Date="20180506" Time="141938">FeatureClassToFeatureClass "F:\01_DATA BATAS WILAYAH\DATA BATAS ADMINISTRASI 2018_V1_20180420\Batas_Wilayah_Administrasi_2018_v1.gdb\Batas_Wilayah_Maluku\ADMINISTRASI_KABKOTA_AR_1" "F:\2018_KSP\03_INTEGRASI JAWA 20180419\UPDATE_20180430\Batas_Wilayah_Administrasi.gdb\Batas_Wilayah_Jawa" ADMINISTRASI_KABKOTA_AR # "KDPPUM "Kode PUM Provinsi" true true false 2 Text 0 0 ,First,#,F:\01_DATA BATAS WILAYAH\DATA BATAS ADMINISTRASI 2018_V1_20180420\Batas_Wilayah_Administrasi_2018_v1.gdb\Batas_Wilayah_Maluku\ADMINISTRASI_KABKOTA_AR_1,KDPPUM,-1,-1;NAMOBJ "Nama Objek" true true false 50 Text 0 0 ,First,#,F:\01_DATA BATAS WILAYAH\DATA BATAS ADMINISTRASI 2018_V1_20180420\Batas_Wilayah_Administrasi_2018_v1.gdb\Batas_Wilayah_Maluku\ADMINISTRASI_KABKOTA_AR_1,NAMOBJ,-1,-1;REMARK "Catatan" true true false 250 Text 0 0 ,First,#,F:\01_DATA BATAS WILAYAH\DATA BATAS ADMINISTRASI 2018_V1_20180420\Batas_Wilayah_Administrasi_2018_v1.gdb\Batas_Wilayah_Maluku\ADMINISTRASI_KABKOTA_AR_1,REMARK,-1,-1;KDPBPS "Kode BPS Provinsi" true true false 2 Text 0 0 ,First,#,F:\01_DATA BATAS WILAYAH\DATA BATAS ADMINISTRASI 2018_V1_20180420\Batas_Wilayah_Administrasi_2018_v1.gdb\Batas_Wilayah_Maluku\ADMINISTRASI_KABKOTA_AR_1,KDPBPS,-1,-1;FCODE "Feature Code" true false false 50 Text 0 0 ,First,#,F:\01_DATA BATAS WILAYAH\DATA BATAS ADMINISTRASI 2018_V1_20180420\Batas_Wilayah_Administrasi_2018_v1.gdb\Batas_Wilayah_Maluku\ADMINISTRASI_KABKOTA_AR_1,FCODE,-1,-1;LUASWH "Luas Wilayah Menurut Hukum (Ha)" true true false 8 Double 0 0 ,First,#,F:\01_DATA BATAS WILAYAH\DATA BATAS ADMINISTRASI 2018_V1_20180420\Batas_Wilayah_Administrasi_2018_v1.gdb\Batas_Wilayah_Maluku\ADMINISTRASI_KABKOTA_AR_1,LUASWH,-1,-1;UUPP "Referensi Peraturan" true true false 50 Text 0 0 ,First,#,F:\01_DATA BATAS WILAYAH\DATA BATAS ADMINISTRASI 2018_V1_20180420\Batas_Wilayah_Administrasi_2018_v1.gdb\Batas_Wilayah_Maluku\ADMINISTRASI_KABKOTA_AR_1,UUPP,-1,-1;SRS_ID "Spatial Reference System Identifier" true false false 50 Text 0 0 ,First,#,F:\01_DATA BATAS WILAYAH\DATA BATAS ADMINISTRASI 2018_V1_20180420\Batas_Wilayah_Administrasi_2018_v1.gdb\Batas_Wilayah_Maluku\ADMINISTRASI_KABKOTA_AR_1,SRS_ID,-1,-1;LCODE "Layer Code" true true false 50 Text 0 0 ,First,#,F:\01_DATA BATAS WILAYAH\DATA BATAS ADMINISTRASI 2018_V1_20180420\Batas_Wilayah_Administrasi_2018_v1.gdb\Batas_Wilayah_Maluku\ADMINISTRASI_KABKOTA_AR_1,LCODE,-1,-1;METADATA "Metadata" true true false 50 Text 0 0 ,First,#,F:\01_DATA BATAS WILAYAH\DATA BATAS ADMINISTRASI 2018_V1_20180420\Batas_Wilayah_Administrasi_2018_v1.gdb\Batas_Wilayah_Maluku\ADMINISTRASI_KABKOTA_AR_1,METADATA,-1,-1;KDEBPS "Kode BPS Kelurahan/Desa" true true false 50 Text 0 0 ,First,#,F:\01_DATA BATAS WILAYAH\DATA BATAS ADMINISTRASI 2018_V1_20180420\Batas_Wilayah_Administrasi_2018_v1.gdb\Batas_Wilayah_Maluku\ADMINISTRASI_KABKOTA_AR_1,KDEBPS,-1,-1;KDEPUM "Kode PUM Kelurahan/Desa" true true false 50 Text 0 0 ,First,#,F:\01_DATA BATAS WILAYAH\DATA BATAS ADMINISTRASI 2018_V1_20180420\Batas_Wilayah_Administrasi_2018_v1.gdb\Batas_Wilayah_Maluku\ADMINISTRASI_KABKOTA_AR_1,KDEPUM,-1,-1;KDCBPS "Kode BPS Kecamatan" true true false 50 Text 0 0 ,First,#,F:\01_DATA BATAS WILAYAH\DATA BATAS ADMINISTRASI 2018_V1_20180420\Batas_Wilayah_Administrasi_2018_v1.gdb\Batas_Wilayah_Maluku\ADMINISTRASI_KABKOTA_AR_1,KDCBPS,-1,-1;KDCPUM "Kode PUM Kecamatan" true true false 50 Text 0 0 ,First,#,F:\01_DATA BATAS WILAYAH\DATA BATAS ADMINISTRASI 2018_V1_20180420\Batas_Wilayah_Administrasi_2018_v1.gdb\Batas_Wilayah_Maluku\ADMINISTRASI_KABKOTA_AR_1,KDCPUM,-1,-1;KDBBPS "Kode BPS Kabupaten/Kota" true true false 50 Text 0 0 ,First,#,F:\01_DATA BATAS WILAYAH\DATA BATAS ADMINISTRASI 2018_V1_20180420\Batas_Wilayah_Administrasi_2018_v1.gdb\Batas_Wilayah_Maluku\ADMINISTRASI_KABKOTA_AR_1,KDBBPS,-1,-1;KDBPUM "Kode PUM Kabupaten/Kota" true true false 50 Text 0 0 ,First,#,F:\01_DATA BATAS WILAYAH\DATA BATAS ADMINISTRASI 2018_V1_20180420\Batas_Wilayah_Administrasi_2018_v1.gdb\Batas_Wilayah_Maluku\ADMINISTRASI_KABKOTA_AR_1,KDBPUM,-1,-1;WADMKD "WADMKD" true true false 50 Text 0 0 ,First,#,F:\01_DATA BATAS WILAYAH\DATA BATAS ADMINISTRASI 2018_V1_20180420\Batas_Wilayah_Administrasi_2018_v1.gdb\Batas_Wilayah_Maluku\ADMINISTRASI_KABKOTA_AR_1,WADMKD,-1,-1;WIADKD "WIADKD" true true false 50 Text 0 0 ,First,#,F:\01_DATA BATAS WILAYAH\DATA BATAS ADMINISTRASI 2018_V1_20180420\Batas_Wilayah_Administrasi_2018_v1.gdb\Batas_Wilayah_Maluku\ADMINISTRASI_KABKOTA_AR_1,WIADKD,-1,-1;WADMKC "WADMKC" true true false 50 Text 0 0 ,First,#,F:\01_DATA BATAS WILAYAH\DATA BATAS ADMINISTRASI 2018_V1_20180420\Batas_Wilayah_Administrasi_2018_v1.gdb\Batas_Wilayah_Maluku\ADMINISTRASI_KABKOTA_AR_1,WADMKC,-1,-1;WIADKC "WIADKC" true true false 50 Text 0 0 ,First,#,F:\01_DATA BATAS WILAYAH\DATA BATAS ADMINISTRASI 2018_V1_20180420\Batas_Wilayah_Administrasi_2018_v1.gdb\Batas_Wilayah_Maluku\ADMINISTRASI_KABKOTA_AR_1,WIADKC,-1,-1;WADMKK "WADMKK" true true false 50 Text 0 0 ,First,#,F:\01_DATA BATAS WILAYAH\DATA BATAS ADMINISTRASI 2018_V1_20180420\Batas_Wilayah_Administrasi_2018_v1.gdb\Batas_Wilayah_Maluku\ADMINISTRASI_KABKOTA_AR_1,WADMKK,-1,-1;WIADKK "WIADKK" true true false 50 Text 0 0 ,First,#,F:\01_DATA BATAS WILAYAH\DATA BATAS ADMINISTRASI 2018_V1_20180420\Batas_Wilayah_Administrasi_2018_v1.gdb\Batas_Wilayah_Maluku\ADMINISTRASI_KABKOTA_AR_1,WIADKK,-1,-1;WADMPR "WADMPR" true true false 50 Text 0 0 ,First,#,F:\01_DATA BATAS WILAYAH\DATA BATAS ADMINISTRASI 2018_V1_20180420\Batas_Wilayah_Administrasi_2018_v1.gdb\Batas_Wilayah_Maluku\ADMINISTRASI_KABKOTA_AR_1,WADMPR,-1,-1;WIADPR "WIADPR" true true false 50 Text 0 0 ,First,#,F:\01_DATA BATAS WILAYAH\DATA BATAS ADMINISTRASI 2018_V1_20180420\Batas_Wilayah_Administrasi_2018_v1.gdb\Batas_Wilayah_Maluku\ADMINISTRASI_KABKOTA_AR_1,WIADPR,-1,-1;TIPADM "TIPADM" true true false 4 Long 0 0 ,First,#,F:\01_DATA BATAS WILAYAH\DATA BATAS ADMINISTRASI 2018_V1_20180420\Batas_Wilayah_Administrasi_2018_v1.gdb\Batas_Wilayah_Maluku\ADMINISTRASI_KABKOTA_AR_1,TIPADM,-1,-1;Shape_Length "Shape_Length" false true true 8 Double 0 0 ,First,#,F:\01_DATA BATAS WILAYAH\DATA BATAS ADMINISTRASI 2018_V1_20180420\Batas_Wilayah_Administrasi_2018_v1.gdb\Batas_Wilayah_Maluku\ADMINISTRASI_KABKOTA_AR_1,Shape_Length,-1,-1;Shape_Area "Shape_Area" false true true 8 Double 0 0 ,First,#,F:\01_DATA BATAS WILAYAH\DATA BATAS ADMINISTRASI 2018_V1_20180420\Batas_Wilayah_Administrasi_2018_v1.gdb\Batas_Wilayah_Maluku\ADMINISTRASI_KABKOTA_AR_1,Shape_Area,-1,-1" #</Process><Process ToolSource="c:\program files (x86)\arcgis\desktop10.2\ArcToolbox\Toolboxes\Data Management Tools.tbx\CalculateField" Date="20180506" Time="142053">CalculateField ADMINISTRASI_KABKOTA_AR NAMOBJ [WADMKK] VB #</Process><Process ToolSource="c:\program files (x86)\arcgis\desktop10.4\ArcToolbox\Toolboxes\Data Management Tools.tbx\CalculateField" Date="20181227" Time="130502">CalculateField BATAS_ADMIN_AR KABUPATEN [WADMKK] VB #</Process><Process ToolSource="c:\program files (x86)\arcgis\desktop10.4\ArcToolbox\Toolboxes\Data Management Tools.tbx\CalculateField" Date="20181227" Time="130609">CalculateField BATAS_ADMIN_AR SUMBER "RBI SKALA 1 : 25.000 DAN CITRA SPOT YANG DIMUTAKHIRKAN" VB #</Process><Process ToolSource="c:\program files (x86)\arcgis\desktop10.4\ArcToolbox\Toolboxes\Data Management Tools.tbx\CalculateField" Date="20181227" Time="130637">CalculateField BATAS_ADMIN_AR SUMBER "RBI SKALA 1 : 25.000 PROVINSI JAWA BARAT" VB #</Process><Process ToolSource="c:\program files (x86)\arcgis\desktop10.4\ArcToolbox\Toolboxes\Data Management Tools.tbx\CalculateField" Date="20190107" Time="101632">CalculateField "PETA DASAR\BATAS_ADMIN_AR" SUMBER "RBI SKALA 1 : 25.000 PROVINSI JAWA BARAT TAHUN 2000" VB #</Process><Process ToolSource="c:\program files (x86)\arcgis\desktop10.4\ArcToolbox\Toolboxes\Data Management Tools.tbx\CalculateField" Date="20190107" Time="101654">CalculateField "PETA DASAR\BATAS_ADMIN_AR" SUMBER "RBI SKALA 1 : 25.000 PROVINSI JAWA BARAT TAHUN 2000" VB #</Process><Process ToolSource="c:\program files (x86)\arcgis\desktop10.4\ArcToolbox\Toolboxes\Data Management Tools.tbx\CalculateField" Date="20190111" Time="101307">CalculateField "PETA DASAR\BATAS_ADMIN_AR" SUMBER "RBI SKALA 1 : 25.000 PROVINSI JAWA BARAT TAHUN 2016" VB #</Process><Process ToolSource="c:\program files\arcgis\desktop10.3\ArcToolbox\Toolboxes\Conversion Tools.tbx\FeatureClassToFeatureClass" Date="20211013" Time="222902">FeatureClassToFeatureClass BATAS_ADMIN_AR "D:\! RTRWP Jawa Barat 2021\EDIT\batas.gdb\edit_batas" admin_jabar # "KABUPATEN "KABUPATEN" true true false 50 Text 0 0 ,First,#,BATAS_ADMIN_AR,KABUPATEN,-1,-1;SUMBER "SUMBER" true true false 100 Text 0 0 ,First,#,BATAS_ADMIN_AR,SUMBER,-1,-1" #</Process><Process ToolSource="c:\program files\arcgis\desktop10.3\ArcToolbox\Toolboxes\Analysis Tools.tbx\Clip" Date="20211013" Time="223219">Clip admin_jabar poly_jabar "D:\! RTRWP Jawa Barat 2021\EDIT\batas.gdb\edit_batas\admin_clip" #</Process><Process ToolSource="c:\program files\arcgis\desktop10.3\ArcToolbox\Toolboxes\Analysis Tools.tbx\Union" Date="20211013" Time="223540">Union "admin_clip #;poly_jabar #" "D:\! RTRWP Jawa Barat 2021\EDIT\batas.gdb\edit_batas\admin_union" ALL # GAPS</Process><Process ToolSource="c:\program files\arcgis\desktop10.3\ArcToolbox\Toolboxes\Data Management Tools.tbx\MultipartToSinglepart" Date="20211013" Time="223630">MultipartToSinglepart admin_union "D:\! RTRWP Jawa Barat 2021\EDIT\batas.gdb\edit_batas\admin_union_break"</Process><Process ToolSource="c:\program files (x86)\arcgis\desktop10.8\ArcToolbox\Toolboxes\Data Management Tools.tbx\Dissolve" Date="20250617" Time="113701">Dissolve BATAS_ADMIN_AR "D:\MAGISTER\2. SEMESTER 2\URBAN ANALYTICS\HACKATON #4\DATA HACKATON 4\ADMIN_JAWABARAT_FIX.shp" FID;KABUPATEN;SUMBER # MULTI_PART DISSOLVE_LINES</Process></lineage></DataProperties><SyncDate>20250617</SyncDate><SyncTime>11365200</SyncTime><ModDate>20250617</ModDate><ModTime>11365200</ModTime><ArcGISFormat>1.0</ArcGISFormat><scaleRange><minScale>150000000</minScale><maxScale>5000</maxScale></scaleRange><ArcGISProfile>ItemDescription</ArcGISProfile><ArcGISstyle>ISO 19139 Metadata Implementation Specification</ArcGISstyle></Esri><dataIdInfo><envirDesc Sync="TRUE"> Version 6.2 (Build 9200) ; Esri ArcGIS 10.8.0.12790</envirDesc><dataLang><languageCode value="eng" Sync="TRUE"/><countryCode value="USA" Sync="TRUE"/></dataLang><idCitation><resTitle Sync="FALSE">ADMINISTRASI_AR</resTitle><presForm><PresFormCd value="005" Sync="TRUE"/></presForm></idCitation><spatRpType><SpatRepTypCd value="001" Sync="TRUE"/></spatRpType><idAbs>&lt;DIV STYLE="text-align:Left;"&gt;&lt;DIV&gt;&lt;DIV&gt;&lt;P&gt;&lt;SPAN&gt;Wilayah kerja perangkat Pemerintah Pusat dalam melaksanakan urusan pemerintahan umum di Daerah&lt;/SPAN&gt;&lt;/P&gt;&lt;/DIV&gt;&lt;/DIV&gt;&lt;/DIV&gt;</idAbs></dataIdInfo><mdLang><languageCode value="eng" Sync="TRUE"/><countryCode value="USA" Sync="TRUE"/></mdLang><distInfo><distFormat><formatName Sync="TRUE">Shapefile</formatName></distFormat><distTranOps><transSize Sync="TRUE">0.000</transSize></distTranOps></distInfo><mdHrLv><ScopeCd value="005" Sync="TRUE"/></mdHrLv><mdHrLvName Sync="TRUE">dataset</mdHrLvName><refSysInfo><RefSystem><refSysID><identCode code="4326" Sync="TRUE"/><idCodeSpace Sync="TRUE">EPSG</idCodeSpace><idVersion Sync="TRUE">6.14(3.0.1)</idVersion></refSysID></RefSystem></refSysInfo><spatRepInfo><VectSpatRep><geometObjs Name="ADMIN_JAWABARAT_FIX"><geoObjTyp><GeoObjTypCd value="002" Sync="TRUE"></GeoObjTypCd></geoObjTyp><geoObjCnt Sync="TRUE">0</geoObjCnt></geometObjs><topLvl><TopoLevCd value="001" Sync="TRUE"></TopoLevCd></topLvl></VectSpatRep></spatRepInfo><spdoinfo><ptvctinf><esriterm Name="ADMIN_JAWABARAT_FIX"><efeatyp Sync="TRUE">Simple</efeatyp><efeageom code="4" Sync="TRUE"></efeageom><esritopo Sync="TRUE">FALSE</esritopo><efeacnt Sync="TRUE">0</efeacnt><spindex Sync="TRUE">FALSE</spindex><linrefer Sync="TRUE">TRUE</linrefer></esriterm></ptvctinf></spdoinfo><eainfo><detailed Name="ADMIN_JAWABARAT_FIX"><enttyp><enttypl Sync="TRUE">ADMIN_JAWABARAT_FIX</enttypl><enttypt Sync="TRUE">Feature Class</enttypt><enttypc Sync="TRUE">0</enttypc></enttyp><attr><attrlabl Sync="TRUE">FID</attrlabl><attalias Sync="TRUE">FID</attalias><attrtype Sync="TRUE">OID</attrtype><attwidth Sync="TRUE">4</attwidth><atprecis Sync="TRUE">0</atprecis><attscale Sync="TRUE">0</attscale><attrdef Sync="TRUE">Internal feature number.</attrdef><attrdefs Sync="TRUE">Esri</attrdefs><attrdomv><udom Sync="TRUE">Sequential unique whole numbers that are automatically generated.</udom></attrdomv></attr><attr><attrlabl Sync="TRUE">SHAPE</attrlabl><attalias Sync="TRUE">Shape</attalias><attrtype Sync="TRUE">Geometry</attrtype><attwidth Sync="TRUE">0</attwidth><atprecis Sync="TRUE">0</atprecis><attscale Sync="TRUE">0</attscale><attrdef Sync="TRUE">Feature geometry.</attrdef><attrdefs Sync="TRUE">Esri</attrdefs><attrdomv><udom Sync="TRUE">Coordinates defining the features.</udom></attrdomv></attr><attr><attrlabl Sync="TRUE">KABUPATEN</attrlabl><attalias Sync="TRUE">KABUPATEN</attalias><attrtype Sync="TRUE">String</attrtype><attwidth Sync="TRUE">50</attwidth><atprecis Sync="TRUE">0</atprecis><attscale Sync="TRUE">0</attscale></attr><attr><attrlabl Sync="TRUE">SUMBER</attrlabl><attalias Sync="TRUE">SUMBER</attalias><attrtype Sync="TRUE">String</attrtype><attwidth Sync="TRUE">100</attwidth><atprecis Sync="TRUE">0</atprecis><attscale Sync="TRUE">0</attscale></attr></detailed></eainfo><mdDateSt Sync="TRUE">20250617</mdDateSt><mdChar><CharSetCd value="004" Sync="TRUE"></CharSetCd></mdChar></metadata>
